externalId,category,categoryId,name,unit,description,photo,price,priceWithoutVat,priceWithVat,packageQuantity,packageType,packageUnit,sourcePack,notes,isActive,sortOrder
rag-001,Ветошь,cat-vetosh,Ветошь рулон,рулон,"Ветошь рулон. Категория: Ветошь. Характеристики: 1.40×70м. Подходит для оптовой закупки, склада, производства, торговли и хозяйственных задач.",,13000 тг.,13000,14560.0,3,коробка,от рулонов,от 3 рулонов,1.40×70м,True,1
rag-002,Ветошь,cat-vetosh,Ветошь рулон 1.40/70м,рулон,"Ветошь рулон 1.40/70м. Категория: Ветошь. Характеристики: белая. Подходит для оптовой закупки, склада, производства, торговли и хозяйственных задач.",,13000 тг.,13000,14560.0,3,коробка,от рулонов,от 3 рулонов,белая,True,2
mat-001,Коврики,cat-kovriki,Коврик резина соты,шт,"Коврик резина соты. Категория: Коврики. Характеристики: 50×80. Подходит для оптовой закупки, склада, производства, торговли и хозяйственных задач.",,1800 тг.,1800,2016.0,30,коробка,шт,30 шт,50×80,True,3
mat-002,Коврики,cat-kovriki,Коврик соты,шт,"Коврик соты. Категория: Коврики. Характеристики: 90см / 12м. Подходит для оптовой закупки, склада, производства, торговли и хозяйственных задач.",,44000 тг.,44000,49280.0,,рулон,рулон,рулон,90см / 12м,True,4
mat-003,Коврики,cat-kovriki,Коврик полоска,шт,"Коврик полоска. Категория: Коврики. Характеристики: 45×75. Подходит для оптовой закупки, склада, производства, торговли и хозяйственных задач.",,2350 тг.,2350,2632.0,30,коробка,шт,30 шт,45×75,True,5
mat-004,Коврики,cat-kovriki,Коврик пружина,шт,"Коврик пружина. Категория: Коврики. Характеристики: 45×75. Подходит для оптовой закупки, склада, производства, торговли и хозяйственных задач.",,2500 тг.,2500,2800.0,,,,—,45×75,True,6
mat-005,Коврики,cat-kovriki,Коврик полоска,шт,"Коврик полоска. Категория: Коврики. Характеристики: 45×75 см. Подходит для оптовой закупки, склада, производства, торговли и хозяйственных задач.",,2350 тг.,2350,2632.0,30,коробка,шт,30 шт,45×75 см,True,7
mat-006,Коврики,cat-kovriki,Коврик серый,шт,"Коврик серый. Категория: Коврики. Характеристики: 40×60 см. Подходит для оптовой закупки, склада, производства, торговли и хозяйственных задач.",,700 тг.,700,784.0,30,коробка,шт,30 шт,40×60 см,True,8
mat-007,Коврики,cat-kovriki,Коврик дорожка ворс,шт,"Коврик дорожка ворс. Категория: Коврики. Характеристики: 90см / 15м. Подходит для оптовой закупки, склада, производства, торговли и хозяйственных задач.",,35000 тг.,35000,39200.0,,рулон,рулон,рулон,90см / 15м,True,9
mat-008,Коврики,cat-kovriki,Коврик резиновый соты,шт,"Коврик резиновый соты. Категория: Коврики. Характеристики: 50×80 см. Подходит для оптовой закупки, склада, производства, торговли и хозяйственных задач.",,2200 тг.,2200,2464.0,20,коробка,от шт,от 20 шт,50×80 см,True,10
mat-009,Коврики,cat-kovriki,Резиновый коврик дорожка,шт,"Резиновый коврик дорожка. Категория: Коврики. Характеристики: 90см / 15м. Подходит для оптовой закупки, склада, производства, торговли и хозяйственных задач.",,40000 тг.,40000,44800.0,,рулон,рулон,рулон,90см / 15м,True,11
mat-010,Коврики,cat-kovriki,Коврик пружина,шт,"Коврик пружина. Категория: Коврики. Характеристики: 45×75 см. Подходит для оптовой закупки, склада, производства, торговли и хозяйственных задач.",,2500 тг.,2500,2800.0,,,,—,45×75 см,True,12
mat-011,Коврики,cat-kovriki,Коврик соты,шт,"Коврик соты. Категория: Коврики. Характеристики: 90см / 12м. Подходит для оптовой закупки, склада, производства, торговли и хозяйственных задач.",,44000 тг.,44000,49280.0,,рулон,рулон,рулон,90см / 12м,True,13
mat-012,Коврики,cat-kovriki,Коврик резина,шт,"Коврик резина. Категория: Коврики. Характеристики: 50×80 см. Подходит для оптовой закупки, склада, производства, торговли и хозяйственных задач.",,1800 тг.,1800,2016.0,30,коробка,шт,30 шт,50×80 см,True,14
mat-013,Коврики,cat-kovriki,Коврик Welcome,шт,"Коврик Welcome. Категория: Коврики. Характеристики: резиновый. Подходит для оптовой закупки, склада, производства, торговли и хозяйственных задач.",,,,,,,,—,резиновый,True,15
krg-001,Краги,cat-kragi,Краги зима кожа,пара,"Краги зима кожа. Категория: Краги. Подходит для оптовой закупки, склада, производства, торговли и хозяйственных задач.",,640 тг.,640,716.8,144,мешок,пар,144 пар,,True,16
krg-002,Краги,cat-kragi,Краги красно-желтые,пара,"Краги красно-желтые. Категория: Краги. Подходит для оптовой закупки, склада, производства, торговли и хозяйственных задач.",,610 тг.,610,683.2,144,мешок,пар,144 пар,,True,17
krg-003,Краги,cat-kragi,Краги желтые,пара,"Краги желтые. Категория: Краги. Подходит для оптовой закупки, склада, производства, торговли и хозяйственных задач.",,1250 тг.,1250,1400.0,120,мешок,пар,120 пар,,True,18
krg-004,Краги,cat-kragi,Краги коричневые,пара,"Краги коричневые. Категория: Краги. Подходит для оптовой закупки, склада, производства, торговли и хозяйственных задач.",,590 тг.,590,660.8,144,мешок,пар,144 пар,,True,19
krg-005,Краги,cat-kragi,Краги желтые,пара,"Краги желтые. Категория: Краги. Подходит для оптовой закупки, склада, производства, торговли и хозяйственных задач.",,1250 тг.,1250,1400.0,120,мешок,пар,120 пар,,True,20
krg-006,Краги,cat-kragi,Краги зима,пара,"Краги зима. Категория: Краги. Подходит для оптовой закупки, склада, производства, торговли и хозяйственных задач.",,1045 тг.,1045,1170.4,144,мешок,пар,144 пар,,True,21
krg-007,Краги,cat-kragi,Краги комбинированные,пара,"Краги комбинированные. Категория: Краги. Характеристики: кожа. Подходит для оптовой закупки, склада, производства, торговли и хозяйственных задач.",,550 тг.,550,616.0,144,мешок,пар,144 пар,кожа,True,22
krg-008,Краги,cat-kragi,Краги синие,пара,"Краги синие. Категория: Краги. Подходит для оптовой закупки, склада, производства, торговли и хозяйственных задач.",,1250 тг.,1250,1400.0,120,мешок,пар,120 пар,,True,23
krg-009,Краги,cat-kragi,Краги белые,пара,"Краги белые. Категория: Краги. Характеристики: кожа. Подходит для оптовой закупки, склада, производства, торговли и хозяйственных задач.",,640 тг.,640,716.8,144,мешок,пар,144 пар,кожа,True,24
krg-010,Краги,cat-kragi,Краги оранжевые,пара,"Краги оранжевые. Категория: Краги. Подходит для оптовой закупки, склада, производства, торговли и хозяйственных задач.",,1200 тг.,1200,1344.0,108,мешок,пар,108 пар,,True,25
krg-011,Краги,cat-kragi,Краги зима красные,пара,"Краги зима красные. Категория: Краги. Подходит для оптовой закупки, склада, производства, торговли и хозяйственных задач.",,1300 тг.,1300,1456.0,120,мешок,пар,120 пар,,True,26
krg-012,Краги,cat-kragi,Краги зима синие,пара,"Краги зима синие. Категория: Краги. Подходит для оптовой закупки, склада, производства, торговли и хозяйственных задач.",,1400 тг.,1400,1568.0,120,мешок,пар,120 пар,,True,27
krg-013,Краги,cat-kragi,Краги красные,пара,"Краги красные. Категория: Краги. Подходит для оптовой закупки, склада, производства, торговли и хозяйственных задач.",,800 тг.,800,896.0,120,мешок,пар,120 пар,,True,28
krg-014,Краги,cat-kragi,Краги зима желтые,пара,"Краги зима желтые. Категория: Краги. Подходит для оптовой закупки, склада, производства, торговли и хозяйственных задач.",,1450 тг.,1450,1624.0,120,мешок,пар,120 пар,,True,29
krg-015,Краги,cat-kragi,Краги зима коричневые,пара,"Краги зима коричневые. Категория: Краги. Подходит для оптовой закупки, склада, производства, торговли и хозяйственных задач.",,780 тг.,780,873.6,144,мешок,пар,144 пар,,True,30
krg-016,Краги,cat-kragi,Краги желтые,пара,"Краги желтые. Категория: Краги. Подходит для оптовой закупки, склада, производства, торговли и хозяйственных задач.",,450 тг.,450,504.0,144,мешок,пар,144 пар,,True,31
krg-017,Краги,cat-kragi,Краги красные,пара,"Краги красные. Категория: Краги. Подходит для оптовой закупки, склада, производства, торговли и хозяйственных задач.",,770 тг.,770,862.4,120,мешок,пар,120 пар,,True,32
krg-018,Краги,cat-kragi,Краги стандарт,пара,"Краги стандарт. Категория: Краги. Характеристики: бело-желтые. Подходит для оптовой закупки, склада, производства, торговли и хозяйственных задач.",,450 тг.,450,504.0,144,мешок,пар,144 пары,бело-желтые,True,33
krg-019,Краги,cat-kragi,Краги красные,пара,"Краги красные. Категория: Краги. Характеристики: красные. Подходит для оптовой закупки, склада, производства, торговли и хозяйственных задач.",,770 тг.,770,862.4,120,мешок,пар,120 пар,красные,True,34
krg-020,Краги,cat-kragi,Краги рыжие,пара,"Краги рыжие. Категория: Краги. Характеристики: рыжие. Подходит для оптовой закупки, склада, производства, торговли и хозяйственных задач.",,590 тг.,590,660.8,144,мешок,пар,144 пары,рыжие,True,35
krg-021,Краги,cat-kragi,Кожа комбинированная,пара,"Кожа комбинированная. Категория: Краги. Характеристики: желто-коричневые. Подходит для оптовой закупки, склада, производства, торговли и хозяйственных задач.",,550 тг.,550,616.0,144,мешок,пар,144 пары,желто-коричневые,True,36
krg-022,Краги,cat-kragi,Краги синие,пара,"Краги синие. Категория: Краги. Характеристики: синие. Подходит для оптовой закупки, склада, производства, торговли и хозяйственных задач.",,1250 тг.,1250,1400.0,120,мешок,пар,120 пар,синие,True,37
krg-023,Краги,cat-kragi,Краги ЗИМА,пара,"Краги ЗИМА. Категория: Краги. Характеристики: красные утепленные. Подходит для оптовой закупки, склада, производства, торговли и хозяйственных задач.",,1300 тг.,1300,1456.0,120,мешок,пар,120 пар,красные утепленные,True,38
krg-024,Краги,cat-kragi,Краги комбинированные,пара,"Краги комбинированные. Категория: Краги. Характеристики: зеленые. Подходит для оптовой закупки, склада, производства, торговли и хозяйственных задач.",,600 тг.,600,672.0,,,,—,зеленые,True,39
krg-025,Краги,cat-kragi,Краги красно-желтые,пара,"Краги красно-желтые. Категория: Краги. Характеристики: комбинированные. Подходит для оптовой закупки, склада, производства, торговли и хозяйственных задач.",,610 тг.,610,683.2,144,мешок,пар,144 пары,комбинированные,True,40
krg-026,Краги,cat-kragi,Краги усиленные,пара,"Краги усиленные. Категория: Краги. Характеристики: желтые. Подходит для оптовой закупки, склада, производства, торговли и хозяйственных задач.",,1250 тг.,1250,1400.0,120,мешок,пар,120 пар,желтые,True,41
krg-027,Краги,cat-kragi,Кожа,пара,"Кожа. Категория: Краги. Характеристики: белые. Подходит для оптовой закупки, склада, производства, торговли и хозяйственных задач.",,640 тг.,640,716.8,144,мешок,пар,144 пары,белые,True,42
krg-028,Краги,cat-kragi,Краги ЗИМА,пара,"Краги ЗИМА. Категория: Краги. Характеристики: утепленные. Подходит для оптовой закупки, склада, производства, торговли и хозяйственных задач.",,1045 тг.,1045,1170.4,144,мешок,пар,144 пары,утепленные,True,43
krg-029,Краги,cat-kragi,Краги ЗИМА,пара,"Краги ЗИМА. Категория: Краги. Характеристики: желтые. Подходит для оптовой закупки, склада, производства, торговли и хозяйственных задач.",,1450 тг.,1450,1624.0,120,мешок,пар,120 пар,желтые,True,44
krg-030,Краги,cat-kragi,Краги ЗИМА,пара,"Краги ЗИМА. Категория: Краги. Характеристики: синие. Подходит для оптовой закупки, склада, производства, торговли и хозяйственных задач.",,1400 тг.,1400,1568.0,120,мешок,пар,120 пар,синие,True,45
krg-031,Краги,cat-kragi,ЗИМА кожа,пара,"ЗИМА кожа. Категория: Краги. Характеристики: белые. Подходит для оптовой закупки, склада, производства, торговли и хозяйственных задач.",,640 тг.,640,716.8,144,мешок,пар,144 пары,белые,True,46
krg-032,Краги,cat-kragi,Краги белые,пара,"Краги белые. Категория: Краги. Характеристики: белые. Подходит для оптовой закупки, склада, производства, торговли и хозяйственных задач.",,,,,,,,—,белые,True,47
bag-001,Майки,cat-mayki,Майка синяя,шт,"Майка синяя. Категория: Майки. Характеристики: 35шт / 30×50. Подходит для оптовой закупки, склада, производства, торговли и хозяйственных задач.",,620 тг.,620,694.4,40,коробка,пачек,40 пачек,35шт / 30×50,True,48
bag-002,Майки,cat-mayki,Пакет SHIVAKI,шт,"Пакет SHIVAKI. Категория: Майки. Характеристики: 20шт. Подходит для оптовой закупки, склада, производства, торговли и хозяйственных задач.",,485 тг.,485,543.2,50,коробка,пачек,50 пачек,20шт,True,49
bag-003,Майки,cat-mayki,Майка желтая,шт,"Майка желтая. Категория: Майки. Характеристики: 35шт. Подходит для оптовой закупки, склада, производства, торговли и хозяйственных задач.",,460 тг.,460,515.2,60,коробка,пачек,60 пачек,35шт,True,50
bag-004,Майки,cat-mayki,Майка Exactly 2000,шт,"Майка Exactly 2000. Категория: Майки. Подходит для оптовой закупки, склада, производства, торговли и хозяйственных задач.",,1550 тг.,1550,1736.0,18,коробка,рулонов,18 рулонов,,True,51
bag-005,Майки,cat-mayki,Майка без ручки 800гр,шт,"Майка без ручки 800гр. Категория: Майки. Подходит для оптовой закупки, склада, производства, торговли и хозяйственных задач.",,900 тг.,900,1008.0,30,коробка,рулонов,30 рулонов,,True,52
bag-006,Майки,cat-mayki,Майка белая,шт,"Майка белая. Категория: Майки. Характеристики: 80шт / 37×31. Подходит для оптовой закупки, склада, производства, торговли и хозяйственных задач.",,460 тг.,460,515.2,60,коробка,пачек,60 пачек,80шт / 37×31,True,53
bag-007,Майки,cat-mayki,Майка фиолетовая,шт,"Майка фиолетовая. Категория: Майки. Характеристики: 40шт. Подходит для оптовой закупки, склада, производства, торговли и хозяйственных задач.",,250 тг.,250,280.0,80,коробка,пачек,80 пачек,40шт,True,54
bag-008,Майки,cat-mayki,Майка Exactly 3000,шт,"Майка Exactly 3000. Категория: Майки. Подходит для оптовой закупки, склада, производства, торговли и хозяйственных задач.",,2350 тг.,2350,2632.0,12,коробка,рулонов,12 рулонов,,True,55
bag-009,Майки,cat-mayki,Майка желтая,шт,"Майка желтая. Категория: Майки. Характеристики: 35шт / 45×50. Подходит для оптовой закупки, склада, производства, торговли и хозяйственных задач.",,590 тг.,590,660.8,40,коробка,пачек,40 пачек,35шт / 45×50,True,56
bag-010,Майки,cat-mayki,Майка Nikas,шт,"Майка Nikas. Категория: Майки. Характеристики: 50шт. Подходит для оптовой закупки, склада, производства, торговли и хозяйственных задач.",,460 тг.,460,515.2,50,коробка,пачек,50 пачек,50шт,True,57
bag-011,Майки,cat-mayki,Майка Бижутерия,шт,"Майка Бижутерия. Категория: Майки. Подходит для оптовой закупки, склада, производства, торговли и хозяйственных задач.",,310 тг.,310,347.2,80,коробка,пачек,80 пачек,,True,58
bag-012,Майки,cat-mayki,"Майка ""Спасибо""",шт,"Майка ""Спасибо"". Категория: Майки. Характеристики: 80шт. Подходит для оптовой закупки, склада, производства, торговли и хозяйственных задач.",,625 тг.,625,700.0,40,коробка,пачек,40 пачек,80шт,True,59
bag-013,Майки,cat-mayki,Майка Turkystan,шт,"Майка Turkystan. Категория: Майки. Характеристики: фиолетовая. Подходит для оптовой закупки, склада, производства, торговли и хозяйственных задач.",,,,,,,,—,фиолетовая,True,60
bag-014,Майки,cat-mayki,Майка 800гр,шт,"Майка 800гр. Категория: Майки. Подходит для оптовой закупки, склада, производства, торговли и хозяйственных задач.",,850 тг.,850,952.0,30,коробка,рулонов,30 рулонов,,True,61
bag-015,Майки,cat-mayki,Майка коротыш 800гр,шт,"Майка коротыш 800гр. Категория: Майки. Подходит для оптовой закупки, склада, производства, торговли и хозяйственных задач.",,850 тг.,850,952.0,18,коробка,рулонов,18 рулонов,,True,62
bag-016,Майки,cat-mayki,Майка оранжевая,шт,"Майка оранжевая. Категория: Майки. Характеристики: 20шт / 45×50. Подходит для оптовой закупки, склада, производства, торговли и хозяйственных задач.",,310 тг.,310,347.2,80,коробка,пачек,80 пачек,20шт / 45×50,True,63
bag-017,Майки,cat-mayki,Майка черная,шт,"Майка черная. Категория: Майки. Характеристики: 40шт. Подходит для оптовой закупки, склада, производства, торговли и хозяйственных задач.",,380 тг.,380,425.6,100,коробка,пачек,100 пачек,40шт,True,64
bag-018,Майки,cat-mayki,Майка красная,шт,"Майка красная. Категория: Майки. Характеристики: 20шт. Подходит для оптовой закупки, склада, производства, торговли и хозяйственных задач.",,180 тг.,180,201.6,130,коробка,пачек,130 пачек,20шт,True,65
bag-019,Майки,cat-mayki,Майка бело-синяя,шт,"Майка бело-синяя. Категория: Майки. Характеристики: 40шт. Подходит для оптовой закупки, склада, производства, торговли и хозяйственных задач.",,430 тг.,430,481.6,60,коробка,пачек,60 пачек,40шт,True,66
bag-020,Майки,cat-mayki,Майка оранжевая,шт,"Майка оранжевая. Категория: Майки. Характеристики: 45шт / 35×45. Подходит для оптовой закупки, склада, производства, торговли и хозяйственных задач.",,580 тг.,580,649.6,50,коробка,пачек,50 пачек,45шт / 35×45,True,67
bag-021,Майки,cat-mayki,Майка желтая,шт,"Майка желтая. Категория: Майки. Характеристики: 40шт. Подходит для оптовой закупки, склада, производства, торговли и хозяйственных задач.",,560 тг.,560,627.2,50,коробка,пачек,50 пачек,40шт,True,68
bag-022,Майки,cat-mayki,Майка Dollar General,шт,"Майка Dollar General. Категория: Майки. Характеристики: белая. Подходит для оптовой закупки, склада, производства, торговли и хозяйственных задач.",,,,,,,,—,белая,True,69
bag-023,Майки,cat-mayki,Майка рулон 800гр,шт,"Майка рулон 800гр. Категория: Майки. Подходит для оптовой закупки, склада, производства, торговли и хозяйственных задач.",,900 тг.,900,1008.0,30,коробка,рулонов,30 рулонов,,True,70
bag-024,Майки,cat-mayki,Майка синяя 800гр,шт,"Майка синяя 800гр. Категория: Майки. Подходит для оптовой закупки, склада, производства, торговли и хозяйственных задач.",,850 тг.,850,952.0,30,коробка,рулонов,30 рулонов,,True,71
may-001,Майки С Ручками,cat-mayki-s-ruchkami,Майка красная,шт,"Майка красная. Категория: Майки С Ручками. Характеристики: красная. Подходит для оптовой закупки, склада, производства, торговли и хозяйственных задач.",,380 тг.,380,425.6,60,коробка,рулонов,60 рулонов,красная,True,72
may-002,Майки С Ручками,cat-mayki-s-ruchkami,Майка “Бижутерия”,шт,"Майка “Бижутерия”. Категория: Майки С Ручками. Характеристики: белая. Подходит для оптовой закупки, склада, производства, торговли и хозяйственных задач.",,310 тг.,310,347.2,80,коробка,пачек,80 пачек,белая,True,73
may-003,Майки С Ручками,cat-mayki-s-ruchkami,Майка белая 37×31,шт,"Майка белая 37×31. Категория: Майки С Ручками. Характеристики: 80шт. Подходит для оптовой закупки, склада, производства, торговли и хозяйственных задач.",,460 тг.,460,515.2,60,коробка,пачек,60 пачек,80шт,True,74
may-004,Майки С Ручками,cat-mayki-s-ruchkami,Майка фиолетовая,шт,"Майка фиолетовая. Категория: Майки С Ручками. Характеристики: 40шт. Подходит для оптовой закупки, склада, производства, торговли и хозяйственных задач.",,250 тг.,250,280.0,80,коробка,пачек,80 пачек,40шт,True,75
may-005,Майки С Ручками,cat-mayki-s-ruchkami,Exactly 2000,шт,"Exactly 2000. Категория: Майки С Ручками. Характеристики: белые. Подходит для оптовой закупки, склада, производства, торговли и хозяйственных задач.",,1550 тг.,1550,1736.0,18,коробка,рулонов,18 рулонов,белые,True,76
may-006,Майки С Ручками,cat-mayki-s-ruchkami,Майка белая,шт,"Майка белая. Категория: Майки С Ручками. Характеристики: 50шт. Подходит для оптовой закупки, склада, производства, торговли и хозяйственных задач.",,470 тг.,470,526.4,50,коробка,пачек,50 пачек,50шт,True,77
may-007,Майки С Ручками,cat-mayki-s-ruchkami,Майка желтая,шт,"Майка желтая. Категория: Майки С Ручками. Характеристики: 35шт. Подходит для оптовой закупки, склада, производства, торговли и хозяйственных задач.",,460 тг.,460,515.2,60,коробка,пачек,60 пачек,35шт,True,78
may-008,Майки С Ручками,cat-mayki-s-ruchkami,Майка синяя 30×50,шт,"Майка синяя 30×50. Категория: Майки С Ручками. Характеристики: 35шт. Подходит для оптовой закупки, склада, производства, торговли и хозяйственных задач.",,620 тг.,620,694.4,40,коробка,пачек,40 пачек,35шт,True,79
may-009,Майки С Ручками,cat-mayki-s-ruchkami,SHIVAKI,шт,"SHIVAKI. Категория: Майки С Ручками. Характеристики: 20шт. Подходит для оптовой закупки, склада, производства, торговли и хозяйственных задач.",,485 тг.,485,543.2,50,коробка,пачек,50 пачек,20шт,True,80
may-010,Майки С Ручками,cat-mayki-s-ruchkami,Майка BAB AL SADAQA 45×50,шт,"Майка BAB AL SADAQA 45×50. Категория: Майки С Ручками. Характеристики: 35шт. Подходит для оптовой закупки, склада, производства, торговли и хозяйственных задач.",,590 тг.,590,660.8,40,коробка,пачек,40 пачек,35шт,True,81
sack-001,Мешки,cat-meshki,Мешки в рулоне 1000гр,шт,"Мешки в рулоне 1000гр. Категория: Мешки. Подходит для оптовой закупки, склада, производства, торговли и хозяйственных задач.",,960 тг.,960,1075.2,28,коробка,рулонов,28 рулонов,,True,82
sack-002,Мешки,cat-meshki,Мешки белые с целлофаном,шт,"Мешки белые с целлофаном. Категория: Мешки. Характеристики: 55×95. Подходит для оптовой закупки, склада, производства, торговли и хозяйственных задач.",,135 тг.,135,151.2,1000,коробка,шт,1000 шт,55×95,True,83
sack-003,Мешки,cat-meshki,Мешки 55×95,шт,"Мешки 55×95. Категория: Мешки. Характеристики: зеленые. Подходит для оптовой закупки, склада, производства, торговли и хозяйственных задач.",,33 тг.,33,36.96,1000,коробка,шт,1000 шт,зеленые,True,84
sack-004,Мешки,cat-meshki,Мешки белые,шт,"Мешки белые. Категория: Мешки. Характеристики: 55×105 / 60гр. Подходит для оптовой закупки, склада, производства, торговли и хозяйственных задач.",,66 тг.,66,73.92,1000,коробка,шт,1000 шт,55×105 / 60гр,True,85
sack-005,Мешки,cat-meshki,Мешки белые,шт,"Мешки белые. Категория: Мешки. Характеристики: 45×95. Подходит для оптовой закупки, склада, производства, торговли и хозяйственных задач.",,45 тг.,45,50.4,,,,—,45×95,True,86
sack-006,Мешки,cat-meshki,Мешки 55×95,шт,"Мешки 55×95. Категория: Мешки. Характеристики: зеленые. Подходит для оптовой закупки, склада, производства, торговли и хозяйственных задач.",,33 тг.,33,36.96,1000,коробка,шт,1000 шт,зеленые,True,87
sack-007,Мешки,cat-meshki,Сетка мешки 20×40,шт,"Сетка мешки 20×40. Категория: Мешки. Характеристики: 3 кг. Подходит для оптовой закупки, склада, производства, торговли и хозяйственных задач.",,18 тг.,18,20.16,2000,коробка,шт,2000 шт,3 кг,True,88
sack-008,Мешки,cat-meshki,Сетка мешки 26×50,шт,"Сетка мешки 26×50. Категория: Мешки. Характеристики: 5 кг. Подходит для оптовой закупки, склада, производства, торговли и хозяйственных задач.",,24 тг.,24,26.88,2000,коробка,шт,2000 шт,5 кг,True,89
sack-009,Мешки,cat-meshki,Сетка мешки 30×60,шт,"Сетка мешки 30×60. Категория: Мешки. Характеристики: 10 кг. Подходит для оптовой закупки, склада, производства, торговли и хозяйственных задач.",,28 тг.,28,31.36,2000,коробка,шт,2000 шт,10 кг,True,90
sack-010,Мешки,cat-meshki,Сетка мешки 52×85,шт,"Сетка мешки 52×85. Категория: Мешки. Характеристики: 40 кг. Подходит для оптовой закупки, склада, производства, торговли и хозяйственных задач.",,51 тг.,51,57.12,2000,коробка,шт,2000 шт,40 кг,True,91
sack-011,Мешки,cat-meshki,Мешки 45×95,шт,"Мешки 45×95. Категория: Мешки. Характеристики: белые. Подходит для оптовой закупки, склада, производства, торговли и хозяйственных задач.",,45 тг.,45,50.4,,,,—,белые,True,92
sack-012,Мешки,cat-meshki,Мешки с целлофаном,шт,"Мешки с целлофаном. Категория: Мешки. Характеристики: 55×96. Подходит для оптовой закупки, склада, производства, торговли и хозяйственных задач.",,135 тг.,135,151.2,1000,коробка,шт,1000 шт,55×96,True,93
sack-013,Мешки,cat-meshki,Мешки 55×105 60гр,шт,"Мешки 55×105 60гр. Категория: Мешки. Характеристики: белые. Подходит для оптовой закупки, склада, производства, торговли и хозяйственных задач.",,66 тг.,66,73.92,1000,коробка,шт,1000 шт,белые,True,94
mes-001,Мешочки Без Ручки,cat-meshochki-bez-ruchki,ПНД 1000гр,шт,"ПНД 1000гр. Категория: Мешочки Без Ручки. Характеристики: прозрачные. Подходит для оптовой закупки, склада, производства, торговли и хозяйственных задач.",,960 тг.,960,1075.2,28,коробка,рулонов,28 рулонов,прозрачные,True,95
mes-002,Мешочки Без Ручки,cat-meshochki-bez-ruchki,Без ручки 800гр,шт,"Без ручки 800гр. Категория: Мешочки Без Ручки. Характеристики: белые. Подходит для оптовой закупки, склада, производства, торговли и хозяйственных задач.",,900 тг.,900,1008.0,30,коробка,рулонов,30 рулонов,белые,True,96
mes-003,Мешочки Без Ручки,cat-meshochki-bez-ruchki,Пакеты без ручки,шт,"Пакеты без ручки. Категория: Мешочки Без Ручки. Характеристики: белые. Подходит для оптовой закупки, склада, производства, торговли и хозяйственных задач.",,420 тг.,420,470.4,60,коробка,рулонов,60 рулонов,белые,True,97
mes-004,Мешочки Без Ручки,cat-meshochki-bez-ruchki,Пакеты рулон,шт,"Пакеты рулон. Категория: Мешочки Без Ручки. Характеристики: белые. Подходит для оптовой закупки, склада, производства, торговли и хозяйственных задач.",,,,,,,,—,белые,True,98
mes-005,Мешочки Без Ручки,cat-meshochki-bez-ruchki,Без ручки,шт,"Без ручки. Категория: Мешочки Без Ручки. Характеристики: белые. Подходит для оптовой закупки, склада, производства, торговли и хозяйственных задач.",,2200 тг.,2200,2464.0,15,коробка,рулонов,15 рулонов,белые,True,99
mes-006,Мешочки Без Ручки,cat-meshochki-bez-ruchki,ПВД 700гр,шт,"ПВД 700гр. Категория: Мешочки Без Ручки. Характеристики: прозрачные. Подходит для оптовой закупки, склада, производства, торговли и хозяйственных задач.",,815 тг.,815,912.8,36,коробка,рулонов,36 рулонов,прозрачные,True,100
mes-007,Мешочки Без Ручки,cat-meshochki-bez-ruchki,Пакеты рулон 50см,шт,"Пакеты рулон 50см. Категория: Мешочки Без Ручки. Характеристики: белые. Подходит для оптовой закупки, склада, производства, торговли и хозяйственных задач.",,,,,50,коробка,рулонов,50 рулонов,белые,True,101
trash-001,Мусорные мешки,cat-musornye-meshki,240л / 10шт,шт,"240л / 10шт. Категория: Мусорные мешки. Подходит для оптовой закупки, склада, производства, торговли и хозяйственных задач.",,695 тг.,695,778.4,60,коробка,рулонов,60 рулонов,,True,102
trash-002,Мусорные мешки,cat-musornye-meshki,60л / 20шт Hais-Go,шт,"60л / 20шт Hais-Go. Категория: Мусорные мешки. Подходит для оптовой закупки, склада, производства, торговли и хозяйственных задач.",,225 тг.,225,252.0,100,коробка,рулонов,100 рулонов,,True,103
trash-003,Мусорные мешки,cat-musornye-meshki,120л / 7шт,шт,"120л / 7шт. Категория: Мусорные мешки. Подходит для оптовой закупки, склада, производства, торговли и хозяйственных задач.",,225 тг.,225,252.0,100,коробка,рулонов,100 рулонов,,True,104
trash-004,Мусорные мешки,cat-musornye-meshki,60л / 10шт,шт,"60л / 10шт. Категория: Мусорные мешки. Подходит для оптовой закупки, склада, производства, торговли и хозяйственных задач.",,250 тг.,250,280.0,100,коробка,рулонов,100 рулонов,,True,105
trash-005,Мусорные мешки,cat-musornye-meshki,35л / 20шт,шт,"35л / 20шт. Категория: Мусорные мешки. Подходит для оптовой закупки, склада, производства, торговли и хозяйственных задач.",,180 тг.,180,201.6,120,коробка,рулонов,120 рулонов,,True,106
trash-006,Мусорные мешки,cat-musornye-meshki,60л / 20шт Крыс,шт,"60л / 20шт Крыс. Категория: Мусорные мешки. Подходит для оптовой закупки, склада, производства, торговли и хозяйственных задач.",,185 тг.,185,207.2,120,коробка,рулонов,120 рулонов,,True,107
trash-007,Мусорные мешки,cat-musornye-meshki,30л / 20шт,шт,"30л / 20шт. Категория: Мусорные мешки. Подходит для оптовой закупки, склада, производства, торговли и хозяйственных задач.",,115 тг.,115,128.8,200,коробка,рулонов,200 рулонов,,True,108
trash-008,Мусорные мешки,cat-musornye-meshki,160л / 10шт,шт,"160л / 10шт. Категория: Мусорные мешки. Подходит для оптовой закупки, склада, производства, торговли и хозяйственных задач.",,370 тг.,370,414.4,60,коробка,рулонов,60 рулонов,,True,109
trash-009,Мусорные Мешки,cat-musornye-meshki,160л 10шт,шт,"160л 10шт. Категория: Мусорные Мешки. Характеристики: черные. Подходит для оптовой закупки, склада, производства, торговли и хозяйственных задач.",,370 тг.,370,414.4,60,коробка,рулонов,60 рулонов,черные,True,110
trash-010,Мусорные Мешки,cat-musornye-meshki,30л 20шт,шт,"30л 20шт. Категория: Мусорные Мешки. Характеристики: черные. Подходит для оптовой закупки, склада, производства, торговли и хозяйственных задач.",,115 тг.,115,128.8,200,коробка,рулонов,200 рулонов,черные,True,111
trash-011,Мусорные Мешки,cat-musornye-meshki,60л 20шт,шт,"60л 20шт. Категория: Мусорные Мешки. Характеристики: черные. Подходит для оптовой закупки, склада, производства, торговли и хозяйственных задач.",,185 тг.,185,207.2,120,коробка,рулонов,120 рулонов,черные,True,112
trash-012,Мусорные Мешки,cat-musornye-meshki,120л 7шт,шт,"120л 7шт. Категория: Мусорные Мешки. Характеристики: черные. Подходит для оптовой закупки, склада, производства, торговли и хозяйственных задач.",,225 тг.,225,252.0,100,коробка,рулонов,100 рулонов,черные,True,113
trash-013,Мусорные Мешки,cat-musornye-meshki,35л 20шт,шт,"35л 20шт. Категория: Мусорные Мешки. Характеристики: синие. Подходит для оптовой закупки, склада, производства, торговли и хозяйственных задач.",,180 тг.,180,201.6,120,коробка,рулонов,120 рулонов,синие,True,114
trash-014,Мусорные Мешки,cat-musornye-meshki,60л 10шт,шт,"60л 10шт. Категория: Мусорные Мешки. Характеристики: цветные. Подходит для оптовой закупки, склада, производства, торговли и хозяйственных задач.",,250 тг.,250,280.0,100,коробка,рулонов,100 рулонов,цветные,True,115
trash-015,Мусорные Мешки,cat-musornye-meshki,Hais-Go 60л 20шт,шт,"Hais-Go 60л 20шт. Категория: Мусорные Мешки. Характеристики: фиолетовые. Подходит для оптовой закупки, склада, производства, торговли и хозяйственных задач.",,225 тг.,225,252.0,100,коробка,рулонов,100 рулонов,фиолетовые,True,116
trash-016,Мусорные Мешки,cat-musornye-meshki,240л 10шт,шт,"240л 10шт. Категория: Мусорные Мешки. Характеристики: черные. Подходит для оптовой закупки, склада, производства, торговли и хозяйственных задач.",,695 тг.,695,778.4,60,коробка,рулонов,60 рулонов,черные,True,117
pkg-001,Пакеты,cat-pakety,Пакеты фасовочные,шт,"Пакеты фасовочные. Категория: Пакеты. Подходит для оптовой закупки, склада, производства, торговли и хозяйственных задач.",,,,,50,коробка,рулонов,50 рулонов,,True,118
pkg-002,Пакеты,cat-pakety,Пакеты фасовочные 400гр,шт,"Пакеты фасовочные 400гр. Категория: Пакеты. Подходит для оптовой закупки, склада, производства, торговли и хозяйственных задач.",,430 тг.,430,481.6,60,коробка,рулонов,60 рулонов,,True,119
glv-001,Перчатки,cat-perchatki,Перчатки желтые BELAR,пара,"Перчатки желтые BELAR. Категория: Перчатки. Характеристики: хозяйственные. Подходит для оптовой закупки, склада, производства, торговли и хозяйственных задач.",,110 тг.,110,123.2,600,мешок,пар,600 пар,хозяйственные,True,120
glv-002,Перчатки,cat-perchatki,Перчатки кирпичные зеленые,пара,"Перчатки кирпичные зеленые. Категория: Перчатки. Подходит для оптовой закупки, склада, производства, торговли и хозяйственных задач.",,180 тг.,180,201.6,360,мешок,пар,360 пар,,True,121
glv-003,Перчатки,cat-perchatki,Перчатки зелено-черные,пара,"Перчатки зелено-черные. Категория: Перчатки. Подходит для оптовой закупки, склада, производства, торговли и хозяйственных задач.",,95 тг.,95,106.4,720,мешок,пар,720 пар,,True,122
glv-004,Перчатки,cat-perchatki,Перчатки желтые хозяйственные,пара,"Перчатки желтые хозяйственные. Категория: Перчатки. Подходит для оптовой закупки, склада, производства, торговли и хозяйственных задач.",,225 тг.,225,252.0,400,мешок,пар,400 пар,,True,123
glv-005,Перчатки,cat-perchatki,Перчатки кирпичные красные,пара,"Перчатки кирпичные красные. Категория: Перчатки. Подходит для оптовой закупки, склада, производства, торговли и хозяйственных задач.",,255 тг.,255,285.6,360,мешок,пар,360 пар,,True,124
glv-006,Перчатки,cat-perchatki,Перчатки бело-черные,пара,"Перчатки бело-черные. Категория: Перчатки. Подходит для оптовой закупки, склада, производства, торговли и хозяйственных задач.",,95 тг.,95,106.4,960,мешок,пар,960 пар,,True,125
glv-007,Перчатки,cat-perchatki,Перчатки черные длинные,пара,"Перчатки черные длинные. Категория: Перчатки. Характеристики: резиновые. Подходит для оптовой закупки, склада, производства, торговли и хозяйственных задач.",,220 тг.,220,246.4,300,мешок,пар,300 пар,резиновые,True,126
glv-008,Перчатки,cat-perchatki,Перчатки белые х/б,пара,"Перчатки белые х/б. Категория: Перчатки. Подходит для оптовой закупки, склада, производства, торговли и хозяйственных задач.",,35 тг.,35,39.2,780,мешок,пар,780 пар,,True,127
glv-009,Перчатки,cat-perchatki,Перчатки зимние черные,пара,"Перчатки зимние черные. Категория: Перчатки. Подходит для оптовой закупки, склада, производства, торговли и хозяйственных задач.",,450 тг.,450,504.0,420,мешок,пар,420 пар,,True,128
glv-010,Перчатки,cat-perchatki,Перчатки серо-розовые,пара,"Перчатки серо-розовые. Категория: Перчатки. Подходит для оптовой закупки, склада, производства, торговли и хозяйственных задач.",,130 тг.,130,145.6,960,мешок,пар,960 пар,,True,129
glv-011,Перчатки,cat-perchatki,Перчатки нитриловые,пара,"Перчатки нитриловые. Категория: Перчатки. Характеристики: черные. Подходит для оптовой закупки, склада, производства, торговли и хозяйственных задач.",,950 тг.,950,1064.0,,,,—,черные,True,130
glv-012,Перчатки,cat-perchatki,Перчатки черно-зеленые,пара,"Перчатки черно-зеленые. Категория: Перчатки. Подходит для оптовой закупки, склада, производства, торговли и хозяйственных задач.",,90 тг.,90,100.8,960,мешок,пар,960 пар,,True,131
glv-013,Перчатки,cat-perchatki,Перчатки желто-синие,пара,"Перчатки желто-синие. Категория: Перчатки. Подходит для оптовой закупки, склада, производства, торговли и хозяйственных задач.",,150 тг.,150,168.0,960,мешок,пар,960 пар,,True,132
glv-014,Перчатки,cat-perchatki,Перчатки желтые,пара,"Перчатки желтые. Категория: Перчатки. Подходит для оптовой закупки, склада, производства, торговли и хозяйственных задач.",,220 тг.,220,246.4,400,мешок,пар,400 пар,,True,133
glv-015,Перчатки,cat-perchatki,Перчатки синие,пара,"Перчатки синие. Категория: Перчатки. Подходит для оптовой закупки, склада, производства, торговли и хозяйственных задач.",,115 тг.,115,128.8,840,мешок,пар,840 пар,,True,134
glv-016,Перчатки,cat-perchatki,Перчатки оранжевые,пара,"Перчатки оранжевые. Категория: Перчатки. Подходит для оптовой закупки, склада, производства, торговли и хозяйственных задач.",,130 тг.,130,145.6,480,мешок,пар,480 пар,,True,135
glv-017,Перчатки,cat-perchatki,Перчатки серо-оранжевые,пара,"Перчатки серо-оранжевые. Категория: Перчатки. Подходит для оптовой закупки, склада, производства, торговли и хозяйственных задач.",,190 тг.,190,212.8,600,мешок,пар,600 пар,,True,136
glv-018,Перчатки,cat-perchatki,Перчатки зимние коричневые,пара,"Перчатки зимние коричневые. Категория: Перчатки. Подходит для оптовой закупки, склада, производства, торговли и хозяйственных задач.",,430 тг.,430,481.6,200,мешок,пар,200 пар,,True,137
glv-019,Перчатки,cat-perchatki,Перчатки желтые,пара,"Перчатки желтые. Категория: Перчатки. Подходит для оптовой закупки, склада, производства, торговли и хозяйственных задач.",,220 тг.,220,246.4,400,мешок,пар,400 пар,,True,138
glv-020,Перчатки,cat-perchatki,Перчатки белые,пара,"Перчатки белые. Категория: Перчатки. Подходит для оптовой закупки, склада, производства, торговли и хозяйственных задач.",,60 тг.,60,67.2,600,мешок,пар,600 пар,,True,139
glv-021,Перчатки,cat-perchatki,Перчатки белые х/б,пара,"Перчатки белые х/б. Категория: Перчатки. Подходит для оптовой закупки, склада, производства, торговли и хозяйственных задач.",,,,,,,,—,,True,140
glv-022,Перчатки,cat-perchatki,Перчатки диэлектрические,пара,"Перчатки диэлектрические. Категория: Перчатки. Подходит для оптовой закупки, склада, производства, торговли и хозяйственных задач.",,1000 тг.,1000,1120.0,72,мешок,пар,72 пары,,True,141
glv-023,Перчатки,cat-perchatki,Перчатки сине-оранжевые,пара,"Перчатки сине-оранжевые. Категория: Перчатки. Подходит для оптовой закупки, склада, производства, торговли и хозяйственных задач.",,130 тг.,130,145.6,480,мешок,пар,480 пар,,True,142
glv-024,Перчатки,cat-perchatki,Перчатки ПВХ точка,пара,"Перчатки ПВХ точка. Категория: Перчатки. Характеристики: 7 нить. Подходит для оптовой закупки, склада, производства, торговли и хозяйственных задач.",,100 тг.,100,112.0,300,мешок,пар,300 пар,7 нить,True,143
glv-025,Перчатки,cat-perchatki,Перчатки антипорез,пара,"Перчатки антипорез. Категория: Перчатки. Подходит для оптовой закупки, склада, производства, торговли и хозяйственных задач.",,136 тг.,136,152.32,1200,мешок,пар,1200 пар,,True,144
glv-026,Перчатки,cat-perchatki,Перчатки зелено-синие,пара,"Перчатки зелено-синие. Категория: Перчатки. Подходит для оптовой закупки, склада, производства, торговли и хозяйственных задач.",,185 тг.,185,207.2,480,мешок,пар,480 пар,,True,145
glv-027,Перчатки,cat-perchatki,Перчатки цветные,пара,"Перчатки цветные. Категория: Перчатки. Характеристики: 6 нить. Подходит для оптовой закупки, склада, производства, торговли и хозяйственных задач.",,95 тг.,95,106.4,500,мешок,пар,500 пар,6 нить,True,146
glv-028,Перчатки,cat-perchatki,Перчатки черные,пара,"Перчатки черные. Категория: Перчатки. Подходит для оптовой закупки, склада, производства, торговли и хозяйственных задач.",,95 тг.,95,106.4,720,мешок,пар,720 пар,,True,147
glv-029,Перчатки,cat-perchatki,Перчатки маслостойкие,пара,"Перчатки маслостойкие. Категория: Перчатки. Подходит для оптовой закупки, склада, производства, торговли и хозяйственных задач.",,255 тг.,255,285.6,420,мешок,пар,420 пар,,True,148
glv-030,Перчатки,cat-perchatki,Перчатки серые,пара,"Перчатки серые. Категория: Перчатки. Подходит для оптовой закупки, склада, производства, торговли и хозяйственных задач.",,120 тг.,120,134.4,720,мешок,пар,720 пар,,True,149
glv-031,Перчатки,cat-perchatki,Перчатки ПВХ,пара,"Перчатки ПВХ. Категория: Перчатки. Характеристики: 4 нить / 10 класс. Подходит для оптовой закупки, склада, производства, торговли и хозяйственных задач.",,75 тг.,75,84.0,600,мешок,пар,600 пар,4 нить / 10 класс,True,150
glv-032,Перчатки,cat-perchatki,Перчатки оранжевые,пара,"Перчатки оранжевые. Категория: Перчатки. Характеристики: утепленные. Подходит для оптовой закупки, склада, производства, торговли и хозяйственных задач.",,1200 тг.,1200,1344.0,108,мешок,пар,108 пар,утепленные,True,151
glv-033,Перчатки,cat-perchatki,Перчатки бело-синие,пара,"Перчатки бело-синие. Категория: Перчатки. Подходит для оптовой закупки, склада, производства, торговли и хозяйственных задач.",,175 тг.,175,196.0,400,мешок,пар,400 пар,,True,152
glv-034,Перчатки,cat-perchatki,Перчатки ПВХ,пара,"Перчатки ПВХ. Категория: Перчатки. Характеристики: 5 нить / 7 класс. Подходит для оптовой закупки, склада, производства, торговли и хозяйственных задач.",,80 тг.,80,89.6,600,мешок,пар,600 пар,5 нить / 7 класс,True,153
glv-035,Перчатки,cat-perchatki,Перчатки оранжевые,пара,"Перчатки оранжевые. Категория: Перчатки. Подходит для оптовой закупки, склада, производства, торговли и хозяйственных задач.",,135 тг.,135,151.2,500,мешок,пар,500 пар,,True,154
glv-036,Перчатки,cat-perchatki,Перчатки цветные,пара,"Перчатки цветные. Категория: Перчатки. Подходит для оптовой закупки, склада, производства, торговли и хозяйственных задач.",,95 тг.,95,106.4,1200,мешок,пар,1200 пар,,True,155
glv-037,Перчатки,cat-perchatki,Перчатки синие утепленные,пара,"Перчатки синие утепленные. Категория: Перчатки. Подходит для оптовой закупки, склада, производства, торговли и хозяйственных задач.",,295 тг.,295,330.4,299,мешок,пар,299 пар,,True,156
glv-038,Перчатки,cat-perchatki,Перчатки зелено-черные,пара,"Перчатки зелено-черные. Категория: Перчатки. Подходит для оптовой закупки, склада, производства, торговли и хозяйственных задач.",,155 тг.,155,173.6,480,мешок,пар,480 пар,,True,157
glv-039,Перчатки,cat-perchatki,Перчатки красно-черные,пара,"Перчатки красно-черные. Категория: Перчатки. Подходит для оптовой закупки, склада, производства, торговли и хозяйственных задач.",,95 тг.,95,106.4,720,мешок,пар,720 пар,,True,158
glv-040,Перчатки,cat-perchatki,Перчатки серо-зеленые,пара,"Перчатки серо-зеленые. Категория: Перчатки. Подходит для оптовой закупки, склада, производства, торговли и хозяйственных задач.",,190 тг.,190,212.8,600,мешок,пар,600 пар,,True,159
glv-041,Перчатки,cat-perchatki,Перчатки коричневые,пара,"Перчатки коричневые. Категория: Перчатки. Подходит для оптовой закупки, склада, производства, торговли и хозяйственных задач.",,95 тг.,95,106.4,720,мешок,пар,720 пар,,True,160
glv-042,Перчатки,cat-perchatki,Перчатки черно-зеленые,пара,"Перчатки черно-зеленые. Категория: Перчатки. Подходит для оптовой закупки, склада, производства, торговли и хозяйственных задач.",,100 тг.,100,112.0,960,мешок,пар,960 пар,,True,161
glv-043,Перчатки,cat-perchatki,Перчатки серые,пара,"Перчатки серые. Категория: Перчатки. Подходит для оптовой закупки, склада, производства, торговли и хозяйственных задач.",,160 тг.,160,179.2,720,мешок,пар,720 пар,,True,162
glv-044,Перчатки,cat-perchatki,Перчатки зелено-синие,пара,"Перчатки зелено-синие. Категория: Перчатки. Подходит для оптовой закупки, склада, производства, торговли и хозяйственных задач.",,280 тг.,280,313.6,720,мешок,пар,720 пар,,True,163
glv-045,Перчатки,cat-perchatki,Перчатки зеленые обливные,пара,"Перчатки зеленые обливные. Категория: Перчатки. Характеристики: латекс. Подходит для оптовой закупки, склада, производства, торговли и хозяйственных задач.",,175 тг.,175,196.0,720,мешок,пар,720 пар,латекс,True,164
glv-046,Перчатки,cat-perchatki,Перчатки белые,пара,"Перчатки белые. Категория: Перчатки. Характеристики: х/б. Подходит для оптовой закупки, склада, производства, торговли и хозяйственных задач.",,65 тг.,65,72.8,600,мешок,пар,600 пар,х/б,True,165
glv-047,Перчатки,cat-perchatki,Перчатки оранжевые обливные,пара,"Перчатки оранжевые обливные. Категория: Перчатки. Подходит для оптовой закупки, склада, производства, торговли и хозяйственных задач.",,65 тг.,65,72.8,960,мешок,пар,960 пар,,True,166
glv-048,Перчатки,cat-perchatki,Перчатки черные с полосками,пара,"Перчатки черные с полосками. Категория: Перчатки. Подходит для оптовой закупки, склада, производства, торговли и хозяйственных задач.",,95 тг.,95,106.4,960,мешок,пар,960 пар,,True,167
glv-049,Перчатки,cat-perchatki,Перчатки черно-оранжевые,пара,"Перчатки черно-оранжевые. Категория: Перчатки. Подходит для оптовой закупки, склада, производства, торговли и хозяйственных задач.",,98 тг.,98,109.76,960,мешок,пар,960 пар,,True,168
glv-050,Перчатки,cat-perchatki,Перчатки черные,пара,"Перчатки черные. Категория: Перчатки. Характеристики: утепленные. Подходит для оптовой закупки, склада, производства, торговли и хозяйственных задач.",,240 тг.,240,268.8,480,мешок,пар,480 пар,утепленные,True,169
glv-051,Перчатки,cat-perchatki,Перчатки розовые,пара,"Перчатки розовые. Категория: Перчатки. Характеристики: резиновые. Подходит для оптовой закупки, склада, производства, торговли и хозяйственных задач.",,308 тг.,308,344.96,300,мешок,пар,300 пар,резиновые,True,170
glv-052,Перчатки,cat-perchatki,Перчатки серые,пара,"Перчатки серые. Категория: Перчатки. Характеристики: х/б. Подходит для оптовой закупки, склада, производства, торговли и хозяйственных задач.",,80 тг.,80,89.6,600,мешок,пар,600 пар,х/б,True,171
glv-053,Перчатки,cat-perchatki,Перчатки желтые,пара,"Перчатки желтые. Категория: Перчатки. Характеристики: резиновые. Подходит для оптовой закупки, склада, производства, торговли и хозяйственных задач.",,125 тг.,125,140.0,600,мешок,пар,600 пар,резиновые,True,172
glv-054,Перчатки,cat-perchatki,Перчатки латексные,пара,"Перчатки латексные. Категория: Перчатки. Характеристики: бежевые. Подходит для оптовой закупки, склада, производства, торговли и хозяйственных задач.",,160 тг.,160,179.2,600,мешок,пар,600 пар,бежевые,True,173
glv-055,Перчатки,cat-perchatki,Перчатки синие,пара,"Перчатки синие. Категория: Перчатки. Характеристики: обливные. Подходит для оптовой закупки, склада, производства, торговли и хозяйственных задач.",,95 тг.,95,106.4,720,мешок,пар,720 пар,обливные,True,174
glv-056,Перчатки,cat-perchatki,Перчатки зеленые,пара,"Перчатки зеленые. Категория: Перчатки. Характеристики: утепленные. Подходит для оптовой закупки, склада, производства, торговли и хозяйственных задач.",,373 тг.,373,417.76,720,мешок,пар,720 пар,утепленные,True,175
glv-057,Перчатки,cat-perchatki,Перчатки зеленые тонкие,пара,"Перчатки зеленые тонкие. Категория: Перчатки. Подходит для оптовой закупки, склада, производства, торговли и хозяйственных задач.",,190 тг.,190,212.8,600,мешок,пар,600 пар,,True,176
glv-058,Перчатки,cat-perchatki,Перчатки желтые хозяйственные,пара,"Перчатки желтые хозяйственные. Категория: Перчатки. Подходит для оптовой закупки, склада, производства, торговли и хозяйственных задач.",,145 тг.,145,162.4,400,мешок,пар,400 пар,,True,177
glv-059,Перчатки,cat-perchatki,Перчатки серые прорезиненные,пара,"Перчатки серые прорезиненные. Категория: Перчатки. Подходит для оптовой закупки, склада, производства, торговли и хозяйственных задач.",,125 тг.,125,140.0,960,мешок,пар,960 пар,,True,178
glv-060,Перчатки,cat-perchatki,Перчатки синие рабочие,пара,"Перчатки синие рабочие. Категория: Перчатки. Подходит для оптовой закупки, склада, производства, торговли и хозяйственных задач.",,220 тг.,220,246.4,480,мешок,пар,480 пар,,True,179
glv-061,Перчатки,cat-perchatki,Перчатки черные точка,пара,"Перчатки черные точка. Категория: Перчатки. Подходит для оптовой закупки, склада, производства, торговли и хозяйственных задач.",,45 тг.,45,50.4,1200,мешок,пар,1200 пар,,True,180
glv-062,Перчатки,cat-perchatki,Перчатки синие SHD-A,пара,"Перчатки синие SHD-A. Категория: Перчатки. Подходит для оптовой закупки, склада, производства, торговли и хозяйственных задач.",,165 тг.,165,184.8,960,мешок,пар,960 пар,,True,181
glv-063,Перчатки,cat-perchatki,Перчатки синие 300#,пара,"Перчатки синие 300#. Категория: Перчатки. Подходит для оптовой закупки, склада, производства, торговли и хозяйственных задач.",,95 тг.,95,106.4,960,мешок,пар,960 пар,,True,182
glv-064,Перчатки,cat-perchatki,Перчатки зеленые 300#,пара,"Перчатки зеленые 300#. Категория: Перчатки. Подходит для оптовой закупки, склада, производства, торговли и хозяйственных задач.",,95 тг.,95,106.4,720,мешок,пар,720 пар,,True,183
glv-065,Перчатки,cat-perchatki,Перчатки сине-оранжевые,пара,"Перчатки сине-оранжевые. Категория: Перчатки. Подходит для оптовой закупки, склада, производства, торговли и хозяйственных задач.",,130 тг.,130,145.6,480,мешок,пар,480 пар,,True,184
glv-066,Перчатки,cat-perchatki,Перчатки оранжевые,пара,"Перчатки оранжевые. Категория: Перчатки. Подходит для оптовой закупки, склада, производства, торговли и хозяйственных задач.",,95 тг.,95,106.4,960,мешок,пар,960 пар,,True,185
glv-067,Перчатки,cat-perchatki,Перчатки черные нить,пара,"Перчатки черные нить. Категория: Перчатки. Характеристики: 7 нить. Подходит для оптовой закупки, склада, производства, торговли и хозяйственных задач.",,90 тг.,90,100.8,300,мешок,пар,300 пар,7 нить,True,186
glv-068,Перчатки,cat-perchatki,Перчатки синие утепленные,пара,"Перчатки синие утепленные. Категория: Перчатки. Подходит для оптовой закупки, склада, производства, торговли и хозяйственных задач.",,450 тг.,450,504.0,420,мешок,пар,420 пар,,True,187
glv-069,Перчатки,cat-perchatki,Перчатки ПВХ точка,пара,"Перчатки ПВХ точка. Категория: Перчатки. Характеристики: 4 нить / 10 класс. Подходит для оптовой закупки, склада, производства, торговли и хозяйственных задач.",,75 тг.,75,84.0,600,мешок,пар,600 пар,4 нить / 10 класс,True,188
glv-070,Перчатки,cat-perchatki,Перчатки синие тонкие,пара,"Перчатки синие тонкие. Категория: Перчатки. Подходит для оптовой закупки, склада, производства, торговли и хозяйственных задач.",,65 тг.,65,72.8,960,мешок,пар,960 пар,,True,189
glv-071,Перчатки,cat-perchatki,Перчатки оранжевые,пара,"Перчатки оранжевые. Категория: Перчатки. Подходит для оптовой закупки, склада, производства, торговли и хозяйственных задач.",,85 тг.,85,95.2,480,мешок,пар,480 пар,,True,190
glv-072,Перчатки,cat-perchatki,Перчатки синие,пара,"Перчатки синие. Категория: Перчатки. Подходит для оптовой закупки, склада, производства, торговли и хозяйственных задач.",,130 тг.,130,145.6,600,мешок,пар,600 пар,,True,191
glv-073,Перчатки,cat-perchatki,Перчатки цветные 4 нить,пара,"Перчатки цветные 4 нить. Категория: Перчатки. Подходит для оптовой закупки, склада, производства, торговли и хозяйственных задач.",,70 тг.,70,78.4,600,мешок,пар,600 пар,,True,192
ple-001,Плёнки,cat-plenki,Стрейч пленка 1.2кг 150м,рулон,"Стрейч пленка 1.2кг 150м. Категория: Плёнки. Характеристики: от 5 коробок. Подходит для оптовой закупки, склада, производства, торговли и хозяйственных задач.",,1270 тг.,1270,1422.4,8,коробка,шт,8 шт,от 5 коробок,True,193
ple-002,Плёнки,cat-plenki,Стрейч пленка 1.7кг 200м,рулон,"Стрейч пленка 1.7кг 200м. Категория: Плёнки. Характеристики: от 5 коробок. Подходит для оптовой закупки, склада, производства, торговли и хозяйственных задач.",,1650 тг.,1650,1848.0,6,коробка,шт,6 шт,от 5 коробок,True,194
ple-003,Плёнки,cat-plenki,Стрейч пленка 1.9кг 250м,рулон,"Стрейч пленка 1.9кг 250м. Категория: Плёнки. Характеристики: от 5 коробок. Подходит для оптовой закупки, склада, производства, торговли и хозяйственных задач.",,1925 тг.,1925,2156.0,6,коробка,шт,6 шт,от 5 коробок,True,195
ple-004,Плёнки,cat-plenki,Стрейч пленка 2.2кг 300м,рулон,"Стрейч пленка 2.2кг 300м. Категория: Плёнки. Характеристики: от 5 коробок. Подходит для оптовой закупки, склада, производства, торговли и хозяйственных задач.",,2055 тг.,2055,2301.6,6,коробка,шт,6 шт,от 5 коробок,True,196
ple-005,Плёнки,cat-plenki,Стрейч пленка 3кг 400м,рулон,"Стрейч пленка 3кг 400м. Категория: Плёнки. Характеристики: от 5 коробок. Подходит для оптовой закупки, склада, производства, торговли и хозяйственных задач.",,2785 тг.,2785,3119.2,6,коробка,шт,6 шт,от 5 коробок,True,197
pro-001,Прорезиненные Перчатки,cat-prorezinennye-perchatki,Зеленые прорезиненные 300#,пара,"Зеленые прорезиненные 300#. Категория: Прорезиненные Перчатки. Характеристики: салатовые. Подходит для оптовой закупки, склада, производства, торговли и хозяйственных задач.",,95 тг.,95,106.4,720,мешок,пар,720 пар,салатовые,True,198
pro-002,Прорезиненные Перчатки,cat-prorezinennye-perchatki,Оранжевые прорезиненные 300#,пара,"Оранжевые прорезиненные 300#. Категория: Прорезиненные Перчатки. Характеристики: оранжевые. Подходит для оптовой закупки, склада, производства, торговли и хозяйственных задач.",,85 тг.,85,95.2,480,мешок,пар,480 пар,оранжевые,True,199
pro-003,Прорезиненные Перчатки,cat-prorezinennye-perchatki,Черно-зеленые 300#,пара,"Черно-зеленые 300#. Категория: Прорезиненные Перчатки. Характеристики: черно-зеленые. Подходит для оптовой закупки, склада, производства, торговли и хозяйственных задач.",,95 тг.,95,106.4,720,мешок,пар,720 пар,черно-зеленые,True,200
pro-004,Прорезиненные Перчатки,cat-prorezinennye-perchatki,Оранжевый латекс,пара,"Оранжевый латекс. Категория: Прорезиненные Перчатки. Характеристики: белая основа. Подходит для оптовой закупки, склада, производства, торговли и хозяйственных задач.",,65 тг.,65,72.8,960,мешок,пар,960 пар,белая основа,True,201
pro-005,Прорезиненные Перчатки,cat-prorezinennye-perchatki,Зеленые с черным покрытием,пара,"Зеленые с черным покрытием. Категория: Прорезиненные Перчатки. Характеристики: утепленные. Подходит для оптовой закупки, склада, производства, торговли и хозяйственных задач.",,175 тг.,175,196.0,720,мешок,пар,720 пар,утепленные,True,202
pro-006,Прорезиненные Перчатки,cat-prorezinennye-perchatki,Полосатые прорезиненные,пара,"Полосатые прорезиненные. Категория: Прорезиненные Перчатки. Характеристики: фиолетовые. Подходит для оптовой закупки, склада, производства, торговли и хозяйственных задач.",,95 тг.,95,106.4,960,мешок,пар,960 пар,фиолетовые,True,203
pro-007,Прорезиненные Перчатки,cat-prorezinennye-perchatki,Синие прорезиненные,пара,"Синие прорезиненные. Категория: Прорезиненные Перчатки. Характеристики: синие. Подходит для оптовой закупки, склада, производства, торговли и хозяйственных задач.",,65 тг.,65,72.8,960,мешок,пар,960 пар,синие,True,204
pro-008,Прорезиненные Перчатки,cat-prorezinennye-perchatki,Синие 300#,пара,"Синие 300#. Категория: Прорезиненные Перчатки. Характеристики: синие. Подходит для оптовой закупки, склада, производства, торговли и хозяйственных задач.",,95 тг.,95,106.4,720,мешок,пар,720 пар,синие,True,205
pro-009,Прорезиненные Перчатки,cat-prorezinennye-perchatki,Красно-черные,пара,"Красно-черные. Категория: Прорезиненные Перчатки. Характеристики: красные. Подходит для оптовой закупки, склада, производства, торговли и хозяйственных задач.",,95 тг.,95,106.4,720,мешок,пар,720 пар,красные,True,206
pro-010,Прорезиненные Перчатки,cat-prorezinennye-perchatki,Черно-оранжевые,пара,"Черно-оранжевые. Категория: Прорезиненные Перчатки. Характеристики: оранжевые. Подходит для оптовой закупки, склада, производства, торговли и хозяйственных задач.",,98 тг.,98,109.76,960,мешок,пар,960 пар,оранжевые,True,207
pro-011,Прорезиненные Перчатки,cat-prorezinennye-perchatki,Усиленные 300#,пара,"Усиленные 300#. Категория: Прорезиненные Перчатки. Характеристики: черно-оранжевые. Подходит для оптовой закупки, склада, производства, торговли и хозяйственных задач.",,240 тг.,240,268.8,480,мешок,пар,480 пар,черно-оранжевые,True,208
pro-012,Прорезиненные Перчатки,cat-prorezinennye-perchatki,Серые рабочие,пара,"Серые рабочие. Категория: Прорезиненные Перчатки. Характеристики: серые. Подходит для оптовой закупки, склада, производства, торговли и хозяйственных задач.",,125 тг.,125,140.0,960,мешок,пар,960 пар,серые,True,209
pro-013,Прорезиненные Перчатки,cat-prorezinennye-perchatki,Сине-черные SHD-A,пара,"Сине-черные SHD-A. Категория: Прорезиненные Перчатки. Характеристики: синие. Подходит для оптовой закупки, склада, производства, торговли и хозяйственных задач.",,165 тг.,165,184.8,960,мешок,пар,960 пар,синие,True,210
pro-014,Прорезиненные Перчатки,cat-prorezinennye-perchatki,Сине-белые,пара,"Сине-белые. Категория: Прорезиненные Перчатки. Характеристики: синие. Подходит для оптовой закупки, склада, производства, торговли и хозяйственных задач.",,95 тг.,95,106.4,720,мешок,пар,720 пар,синие,True,211
pro-015,Прорезиненные Перчатки,cat-prorezinennye-perchatki,Сине-оранжевые 300#,пара,"Сине-оранжевые 300#. Категория: Прорезиненные Перчатки. Характеристики: синие. Подходит для оптовой закупки, склада, производства, торговли и хозяйственных задач.",,130 тг.,130,145.6,480,мешок,пар,480 пар,синие,True,212
pro-016,Прорезиненные Перчатки,cat-prorezinennye-perchatki,Зеленые прорезиненные,пара,"Зеленые прорезиненные. Категория: Прорезиненные Перчатки. Характеристики: зеленые. Подходит для оптовой закупки, склада, производства, торговли и хозяйственных задач.",,373 тг.,373,417.76,720,мешок,пар,720 пар,зеленые,True,213
pro-017,Прорезиненные Перчатки,cat-prorezinennye-perchatki,Зеленые,пара,"Зеленые. Категория: Прорезиненные Перчатки. Характеристики: зеленые. Подходит для оптовой закупки, склада, производства, торговли и хозяйственных задач.",,190 тг.,190,212.8,600,мешок,пар,600 пар,зеленые,True,214
pro-018,Прорезиненные Перчатки,cat-prorezinennye-perchatki,Синие 300#,пара,"Синие 300#. Категория: Прорезиненные Перчатки. Характеристики: синие. Подходит для оптовой закупки, склада, производства, торговли и хозяйственных задач.",,130 тг.,130,145.6,600,мешок,пар,600 пар,синие,True,215
pro-019,Прорезиненные Перчатки,cat-prorezinennye-perchatki,Красно-черные,пара,"Красно-черные. Категория: Прорезиненные Перчатки. Характеристики: красные. Подходит для оптовой закупки, склада, производства, торговли и хозяйственных задач.",,85 тг.,85,95.2,960,мешок,пар,960 пар,красные,True,216
pro-020,Прорезиненные Перчатки,cat-prorezinennye-perchatki,Коричневые,пара,"Коричневые. Категория: Прорезиненные Перчатки. Характеристики: коричневые. Подходит для оптовой закупки, склада, производства, торговли и хозяйственных задач.",,95 тг.,95,106.4,720,мешок,пар,720 пар,коричневые,True,217
pro-021,Прорезиненные Перчатки,cat-prorezinennye-perchatki,Черно-зеленые,пара,"Черно-зеленые. Категория: Прорезиненные Перчатки. Характеристики: полосатые. Подходит для оптовой закупки, склада, производства, торговли и хозяйственных задач.",,100 тг.,100,112.0,960,мешок,пар,960 пар,полосатые,True,218
pro-022,Прорезиненные Перчатки,cat-prorezinennye-perchatki,Цветочные,пара,"Цветочные. Категория: Прорезиненные Перчатки. Характеристики: цветные. Подходит для оптовой закупки, склада, производства, торговли и хозяйственных задач.",,95 тг.,95,106.4,1200,мешок,пар,1200 пар,цветные,True,219
pro-023,Прорезиненные Перчатки,cat-prorezinennye-perchatki,Салатовые утепленные,пара,"Салатовые утепленные. Категория: Прорезиненные Перчатки. Характеристики: утепленные. Подходит для оптовой закупки, склада, производства, торговли и хозяйственных задач.",,280 тг.,280,313.6,720,мешок,пар,720 пар,утепленные,True,220
pro-024,Прорезиненные Перчатки,cat-prorezinennye-perchatki,Серо-синие,пара,"Серо-синие. Категория: Прорезиненные Перчатки. Характеристики: оранжевая манжета. Подходит для оптовой закупки, склада, производства, торговли и хозяйственных задач.",,120 тг.,120,134.4,720,мешок,пар,720 пар,оранжевая манжета,True,221
pro-025,Прорезиненные Перчатки,cat-prorezinennye-perchatki,Сине-оранжевые,пара,"Сине-оранжевые. Категория: Прорезиненные Перчатки. Характеристики: синие. Подходит для оптовой закупки, склада, производства, торговли и хозяйственных задач.",,130 тг.,130,145.6,480,мешок,пар,480 пар,синие,True,222
pro-026,Прорезиненные Перчатки,cat-prorezinennye-perchatki,Антипорез,пара,"Антипорез. Категория: Прорезиненные Перчатки. Характеристики: салатовые. Подходит для оптовой закупки, склада, производства, торговли и хозяйственных задач.",,136 тг.,136,152.32,1200,мешок,пар,1200 пар,салатовые,True,223
pro-027,Прорезиненные Перчатки,cat-prorezinennye-perchatki,Коричнево-черные,пара,"Коричнево-черные. Категория: Прорезиненные Перчатки. Характеристики: темные. Подходит для оптовой закупки, склада, производства, торговли и хозяйственных задач.",,95 тг.,95,106.4,720,мешок,пар,720 пар,темные,True,224
pro-028,Прорезиненные Перчатки,cat-prorezinennye-perchatki,Серо-розовые,пара,"Серо-розовые. Категория: Прорезиненные Перчатки. Характеристики: розовые. Подходит для оптовой закупки, склада, производства, торговли и хозяйственных задач.",,130 тг.,130,145.6,960,мешок,пар,960 пар,розовые,True,225
pro-029,Прорезиненные Перчатки,cat-prorezinennye-perchatki,Синие тонкие,пара,"Синие тонкие. Категория: Прорезиненные Перчатки. Характеристики: синие. Подходит для оптовой закупки, склада, производства, торговли и хозяйственных задач.",,115 тг.,115,128.8,840,мешок,пар,840 пар,синие,True,226
pro-030,Прорезиненные Перчатки,cat-prorezinennye-perchatki,Кирпичный,пара,"Кирпичный. Категория: Прорезиненные Перчатки. Характеристики: красные. Подходит для оптовой закупки, склада, производства, торговли и хозяйственных задач.",,255 тг.,255,285.6,360,мешок,пар,360 пар,красные,True,227
pro-031,Прорезиненные Перчатки,cat-prorezinennye-perchatki,Черно-белые,пара,"Черно-белые. Категория: Прорезиненные Перчатки. Характеристики: черные. Подходит для оптовой закупки, склада, производства, торговли и хозяйственных задач.",,95 тг.,95,106.4,960,мешок,пар,960 пар,черные,True,228
pro-032,Прорезиненные Перчатки,cat-prorezinennye-perchatki,Кирпичный зеленый,пара,"Кирпичный зеленый. Категория: Прорезиненные Перчатки. Характеристики: зеленые. Подходит для оптовой закупки, склада, производства, торговли и хозяйственных задач.",,180 тг.,180,201.6,360,мешок,пар,360 пар,зеленые,True,229
pro-033,Прорезиненные Перчатки,cat-prorezinennye-perchatki,Оранжево-черные,пара,"Оранжево-черные. Категория: Прорезиненные Перчатки. Характеристики: оранжевые. Подходит для оптовой закупки, склада, производства, торговли и хозяйственных задач.",,95 тг.,95,106.4,960,мешок,пар,960 пар,оранжевые,True,230
pro-034,Прорезиненные Перчатки,cat-prorezinennye-perchatki,Серые с зеленым,пара,"Серые с зеленым. Категория: Прорезиненные Перчатки. Характеристики: серые. Подходит для оптовой закупки, склада, производства, торговли и хозяйственных задач.",,190 тг.,190,212.8,600,мешок,пар,600 пар,серые,True,231
pro-035,Прорезиненные Перчатки,cat-prorezinennye-perchatki,Оранжевые 300#,пара,"Оранжевые 300#. Категория: Прорезиненные Перчатки. Характеристики: оранжевые. Подходит для оптовой закупки, склада, производства, торговли и хозяйственных задач.",,135 тг.,135,151.2,500,мешок,пар,500 пар,оранжевые,True,232
pro-036,Прорезиненные Перчатки,cat-prorezinennye-perchatki,Серо-оранжевые,пара,"Серо-оранжевые. Категория: Прорезиненные Перчатки. Характеристики: оранжевые. Подходит для оптовой закупки, склада, производства, торговли и хозяйственных задач.",,190 тг.,190,212.8,600,мешок,пар,600 пар,оранжевые,True,233
pro-037,Прорезиненные Перчатки,cat-prorezinennye-perchatki,Полосатые салатовые,пара,"Полосатые салатовые. Категория: Прорезиненные Перчатки. Характеристики: салатовые. Подходит для оптовой закупки, склада, производства, торговли и хозяйственных задач.",,90 тг.,90,100.8,960,мешок,пар,960 пар,салатовые,True,234
pro-038,Прорезиненные Перчатки,cat-prorezinennye-perchatki,Салатовые сигнальные,пара,"Салатовые сигнальные. Категория: Прорезиненные Перчатки. Характеристики: сигнальные. Подходит для оптовой закупки, склада, производства, торговли и хозяйственных задач.",,150 тг.,150,168.0,960,мешок,пар,960 пар,сигнальные,True,235
pro-039,Прорезиненные Перчатки,cat-prorezinennye-perchatki,Оранжево-черные,пара,"Оранжево-черные. Категория: Прорезиненные Перчатки. Характеристики: оранжевые. Подходит для оптовой закупки, склада, производства, торговли и хозяйственных задач.",,130 тг.,130,145.6,480,мешок,пар,480 пар,оранжевые,True,236
rez-001,Резиновые Перчатки,cat-rezinovye-perchatki,Бело-синие резиновые,пара,"Бело-синие резиновые. Категория: Резиновые Перчатки. Характеристики: белые. Подходит для оптовой закупки, склада, производства, торговли и хозяйственных задач.",,175 тг.,175,196.0,400,мешок,пар,400 пар,белые,True,237
rez-002,Резиновые Перчатки,cat-rezinovye-perchatki,Резиновые хозяйственные,пара,"Резиновые хозяйственные. Категория: Резиновые Перчатки. Характеристики: желтые. Подходит для оптовой закупки, склада, производства, торговли и хозяйственных задач.",,145 тг.,145,162.4,400,мешок,пар,400 пар,желтые,True,238
rez-003,Резиновые Перчатки,cat-rezinovye-perchatki,Желтые хозяйственные,пара,"Желтые хозяйственные. Категория: Резиновые Перчатки. Характеристики: желтые. Подходит для оптовой закупки, склада, производства, торговли и хозяйственных задач.",,220 тг.,220,246.4,400,мешок,пар,400 пар,желтые,True,239
rez-004,Резиновые Перчатки,cat-rezinovye-perchatki,Латексные светлые,пара,"Латексные светлые. Категория: Резиновые Перчатки. Характеристики: светлые. Подходит для оптовой закупки, склада, производства, торговли и хозяйственных задач.",,160 тг.,160,179.2,600,мешок,пар,600 пар,светлые,True,240
rez-005,Резиновые Перчатки,cat-rezinovye-perchatki,Желтые хозяйственные,пара,"Желтые хозяйственные. Категория: Резиновые Перчатки. Характеристики: желтые. Подходит для оптовой закупки, склада, производства, торговли и хозяйственных задач.",,125 тг.,125,140.0,600,мешок,пар,600 пар,желтые,True,241
rez-006,Резиновые Перчатки,cat-rezinovye-perchatki,Желтые XL,пара,"Желтые XL. Категория: Резиновые Перчатки. Характеристики: желтые. Подходит для оптовой закупки, склада, производства, торговли и хозяйственных задач.",,225 тг.,225,252.0,400,мешок,пар,400 пар,желтые,True,242
rez-007,Резиновые Перчатки,cat-rezinovye-perchatki,Belar,пара,"Belar. Категория: Резиновые Перчатки. Характеристики: упаковка. Подходит для оптовой закупки, склада, производства, торговли и хозяйственных задач.",,110 тг.,110,123.2,600,мешок,пар,600 пар,упаковка,True,243
rez-008,Резиновые Перчатки,cat-rezinovye-perchatki,Желтые хозяйственные,пара,"Желтые хозяйственные. Категория: Резиновые Перчатки. Характеристики: желтые. Подходит для оптовой закупки, склада, производства, торговли и хозяйственных задач.",,220 тг.,220,246.4,400,мешок,пар,400 пар,желтые,True,244
rez-009,Резиновые Перчатки,cat-rezinovye-perchatki,Черные резиновые,пара,"Черные резиновые. Категория: Резиновые Перчатки. Характеристики: черные. Подходит для оптовой закупки, склада, производства, торговли и хозяйственных задач.",,220 тг.,220,246.4,300,мешок,пар,300 пар,черные,True,245
rez-010,Резиновые Перчатки,cat-rezinovye-perchatki,Нитриловые черные,пара,"Нитриловые черные. Категория: Резиновые Перчатки. Характеристики: коробка. Подходит для оптовой закупки, склада, производства, торговли и хозяйственных задач.",,950 тг.,950,1064.0,,,,—,коробка,True,246
rez-011,Резиновые Перчатки,cat-rezinovye-perchatki,Красные 40см,пара,"Красные 40см. Категория: Резиновые Перчатки. Характеристики: длинные. Подходит для оптовой закупки, склада, производства, торговли и хозяйственных задач.",,475 тг.,475,532.0,300,мешок,пар,300 пар,длинные,True,247
rez-012,Резиновые Перчатки,cat-rezinovye-perchatki,Розовые хозяйственные,пара,"Розовые хозяйственные. Категория: Резиновые Перчатки. Характеристики: розовые. Подходит для оптовой закупки, склада, производства, торговли и хозяйственных задач.",,308 тг.,308,344.96,300,мешок,пар,300 пар,розовые,True,248
mit-001,Рукавицы,cat-rukavicy,Рукавицы утепленные,пара,"Рукавицы утепленные. Категория: Рукавицы. Подходит для оптовой закупки, склада, производства, торговли и хозяйственных задач.",,330 тг.,330,369.6,500,мешок,пар,500 пар,,True,249
mit-002,Рукавицы,cat-rukavicy,Рукавицы комбинированные,пара,"Рукавицы комбинированные. Категория: Рукавицы. Подходит для оптовой закупки, склада, производства, торговли и хозяйственных задач.",,225 тг.,225,252.0,1000,мешок,пар,1000 пар,,True,250
mit-003,Рукавицы,cat-rukavicy,Рукавицы зима,пара,"Рукавицы зима. Категория: Рукавицы. Подходит для оптовой закупки, склада, производства, торговли и хозяйственных задач.",,450 тг.,450,504.0,200,мешок,пар,200 пар,,True,251
mit-004,Рукавицы,cat-rukavicy,Рукавицы белые,пара,"Рукавицы белые. Категория: Рукавицы. Подходит для оптовой закупки, склада, производства, торговли и хозяйственных задач.",,220 тг.,220,246.4,500,мешок,пар,500 пар,,True,252
mit-005,Рукавицы,cat-rukavicy,Рукавицы серые,пара,"Рукавицы серые. Категория: Рукавицы. Характеристики: серые. Подходит для оптовой закупки, склада, производства, торговли и хозяйственных задач.",,300 тг.,300,336.0,500,мешок,пар,500 пар,серые,True,253
mit-006,Рукавицы,cat-rukavicy,Рукавицы ЗИМА,пара,"Рукавицы ЗИМА. Категория: Рукавицы. Характеристики: утепленные. Подходит для оптовой закупки, склада, производства, торговли и хозяйственных задач.",,450 тг.,450,504.0,200,мешок,пар,200 пар,утепленные,True,254
mit-007,Рукавицы,cat-rukavicy,Рукавица комбинированная,пара,"Рукавица комбинированная. Категория: Рукавицы. Характеристики: зеленые. Подходит для оптовой закупки, склада, производства, торговли и хозяйственных задач.",,225 тг.,225,252.0,1000,мешок,пар,1000 пар,зеленые,True,255
mit-008,Рукавицы,cat-rukavicy,Рукавицы зеленые,пара,"Рукавицы зеленые. Категория: Рукавицы. Характеристики: зеленые. Подходит для оптовой закупки, склада, производства, торговли и хозяйственных задач.",,330 тг.,330,369.6,500,мешок,пар,500 пар,зеленые,True,256
mit-009,Рукавицы,cat-rukavicy,Рукавицы белые,пара,"Рукавицы белые. Категория: Рукавицы. Характеристики: белые. Подходит для оптовой закупки, склада, производства, торговли и хозяйственных задач.",,220 тг.,220,246.4,500,мешок,пар,500 пар,белые,True,257
mit-010,Рукавицы,cat-rukavicy,Рукавицы меховые,пара,"Рукавицы меховые. Категория: Рукавицы. Характеристики: серые. Подходит для оптовой закупки, склада, производства, торговли и хозяйственных задач.",,600 тг.,600,672.0,200,мешок,пар,200 пар,серые,True,258
mit-011,Рукавицы,cat-rukavicy,Рукавицы утепленные ЗИМА,пара,"Рукавицы утепленные ЗИМА. Категория: Рукавицы. Характеристики: белые. Подходит для оптовой закупки, склада, производства, торговли и хозяйственных задач.",,450 тг.,450,504.0,200,мешок,пар,200 пар,белые,True,259
nap-001,Салфетки,cat-salfetki,Салфетки влажные,шт,"Салфетки влажные. Категория: Салфетки. Подходит для оптовой закупки, склада, производства, торговли и хозяйственных задач.",,470 тг.,470,526.4,50,коробка,пачек,50 пачек,,True,260
net-001,Сетка,cat-setka,Сетка мешки,шт,"Сетка мешки. Категория: Сетка. Характеристики: 20×40 / 3кг. Подходит для оптовой закупки, склада, производства, торговли и хозяйственных задач.",,,,,,,,—,20×40 / 3кг,True,261
spe-001,Спец Одежда,cat-spec-odezhda,Каска строительная,шт,"Каска строительная. Категория: Спец Одежда. Характеристики: оранжевая. Подходит для оптовой закупки, склада, производства, торговли и хозяйственных задач.",,550 тг.,550,616.0,50,коробка,шт,50 шт,оранжевая,True,262
spe-002,Спец Одежда,cat-spec-odezhda,Защитный костюм,шт,"Защитный костюм. Категория: Спец Одежда. Характеристики: белый. Подходит для оптовой закупки, склада, производства, торговли и хозяйственных задач.",,550 тг.,550,616.0,100,коробка,шт,100 шт,белый,True,263
spe-003,Спец Одежда,cat-spec-odezhda,Сигнальный жилет,шт,"Сигнальный жилет. Категория: Спец Одежда. Характеристики: оранжевый/салатовый. Подходит для оптовой закупки, склада, производства, торговли и хозяйственных задач.",,400 тг.,400,448.0,500,коробка,шт,500 шт,оранжевый/салатовый,True,264
spe-004,Спец Одежда,cat-spec-odezhda,Сигнальный жилет усиленный,шт,"Сигнальный жилет усиленный. Категория: Спец Одежда. Характеристики: оранжевый. Подходит для оптовой закупки, склада, производства, торговли и хозяйственных задач.",,750 тг.,750,840.0,300,коробка,шт,300 шт,оранжевый,True,265
spe-001,Спец Перчатки,cat-spec-perchatki,Маслостойкие,пара,"Маслостойкие. Категория: Спец Перчатки. Характеристики: красные. Подходит для оптовой закупки, склада, производства, торговли и хозяйственных задач.",,255 тг.,255,285.6,420,мешок,пар,420 пар,красные,True,266
spe-002,Спец Перчатки,cat-spec-perchatki,Защитные синие,пара,"Защитные синие. Категория: Спец Перчатки. Характеристики: синие. Подходит для оптовой закупки, склада, производства, торговли и хозяйственных задач.",,295 тг.,295,330.4,299,мешок,пар,299 пар,синие,True,267
spe-003,Спец Перчатки,cat-spec-perchatki,Диэлектрические,пара,"Диэлектрические. Категория: Спец Перчатки. Характеристики: коричневые. Подходит для оптовой закупки, склада, производства, торговли и хозяйственных задач.",,1000 тг.,1000,1120.0,72,мешок,пар,72 пары,коричневые,True,268
spe-004,Спец Перчатки,cat-spec-perchatki,Химстойкие,пара,"Химстойкие. Категория: Спец Перчатки. Характеристики: оранжевые. Подходит для оптовой закупки, склада, производства, торговли и хозяйственных задач.",,1200 тг.,1200,1344.0,108,мешок,пар,108 пар,оранжевые,True,269
spe-005,Спец Перчатки,cat-spec-perchatki,Защитные оранжевые,пара,"Защитные оранжевые. Категория: Спец Перчатки. Характеристики: оранжевые. Подходит для оптовой закупки, склада, производства, торговли и хозяйственных задач.",,1200 тг.,1200,1344.0,108,мешок,пар,108 пар,оранжевые,True,270
wear-001,Спецодежда,cat-specodezhda,Жилет сигнальный,шт,"Жилет сигнальный. Категория: Спецодежда. Характеристики: оранжевый. Подходит для оптовой закупки, склада, производства, торговли и хозяйственных задач.",,750 тг.,750,840.0,300,коробка,шт,300 шт,оранжевый,True,271
wear-002,Спецодежда,cat-specodezhda,Жилет сигнальный,шт,"Жилет сигнальный. Категория: Спецодежда. Подходит для оптовой закупки, склада, производства, торговли и хозяйственных задач.",,400 тг.,400,448.0,500,коробка,шт,500 шт,,True,272
wear-003,Спецодежда,cat-specodezhda,Каска защитная,шт,"Каска защитная. Категория: Спецодежда. Характеристики: оранжевая. Подходит для оптовой закупки, склада, производства, торговли и хозяйственных задач.",,550 тг.,550,616.0,50,коробка,шт,50 шт,оранжевая,True,273
wear-004,Спецодежда,cat-specodezhda,Комбинезон защитный,шт,"Комбинезон защитный. Категория: Спецодежда. Характеристики: белый. Подходит для оптовой закупки, склада, производства, торговли и хозяйственных задач.",,550 тг.,550,616.0,100,коробка,шт,100 шт,белый,True,274
str-001,Стрейч,cat-streych,Стрейч пленка красная,рулон,"Стрейч пленка красная. Категория: Стрейч. Подходит для оптовой закупки, склада, производства, торговли и хозяйственных задач.",,380 тг.,380,425.6,60,коробка,рулонов,60 рулонов,,True,275
str-002,Стрейч,cat-streych,Стрейч пленка,рулон,"Стрейч пленка. Категория: Стрейч. Подходит для оптовой закупки, склада, производства, торговли и хозяйственных задач.",,420 тг.,420,470.4,60,коробка,рулонов,60 рулонов,,True,276
str-003,Стрейч,cat-streych,Стрейч пленка,рулон,"Стрейч пленка. Категория: Стрейч. Характеристики: 1.2кг / 150м. Подходит для оптовой закупки, склада, производства, торговли и хозяйственных задач.",,от 1270 тг.,1270,1422.4,5,коробка,от шт,от 5 шт,1.2кг / 150м,True,277
hb--001,ХБ Перчатки,cat-hb-perchatki,Белые х/б перчатки,пара,"Белые х/б перчатки. Категория: ХБ Перчатки. Характеристики: белые. Подходит для оптовой закупки, склада, производства, торговли и хозяйственных задач.",,35 тг.,35,39.2,780,мешок,пар,780 пар,белые,True,278
hb--002,ХБ Перчатки,cat-hb-perchatki,Перчатки ПВХ 4 нити 10 класс,пара,"Перчатки ПВХ 4 нити 10 класс. Категория: ХБ Перчатки. Характеристики: синие точки. Подходит для оптовой закупки, склада, производства, торговли и хозяйственных задач.",,75 тг.,75,84.0,600,мешок,пар,600 пар,синие точки,True,279
hb--003,ХБ Перчатки,cat-hb-perchatki,Перчатки 4 нити,пара,"Перчатки 4 нити. Категория: ХБ Перчатки. Характеристики: красные. Подходит для оптовой закупки, склада, производства, торговли и хозяйственных задач.",,70 тг.,70,78.4,600,мешок,пар,600 пар,красные,True,280
hb--004,ХБ Перчатки,cat-hb-perchatki,Белые х/б перчатки,пара,"Белые х/б перчатки. Категория: ХБ Перчатки. Характеристики: плотные. Подходит для оптовой закупки, склада, производства, торговли и хозяйственных задач.",,65 тг.,65,72.8,600,мешок,пар,600 пар,плотные,True,281
hb--005,ХБ Перчатки,cat-hb-perchatki,Белые рабочие перчатки,пара,"Белые рабочие перчатки. Категория: ХБ Перчатки. Характеристики: тонкие. Подходит для оптовой закупки, склада, производства, торговли и хозяйственных задач.",,60 тг.,60,67.2,600,мешок,пар,600 пар,тонкие,True,282
hb--006,ХБ Перчатки,cat-hb-perchatki,Перчатки ПВХ 4 нити 10 класс,пара,"Перчатки ПВХ 4 нити 10 класс. Категория: ХБ Перчатки. Характеристики: черно-белые. Подходит для оптовой закупки, склада, производства, торговли и хозяйственных задач.",,75 тг.,75,84.0,600,мешок,пар,600 пар,черно-белые,True,283
hb--007,ХБ Перчатки,cat-hb-perchatki,Перчатки 5 нить 7 класс,пара,"Перчатки 5 нить 7 класс. Категория: ХБ Перчатки. Характеристики: черные. Подходит для оптовой закупки, склада, производства, торговли и хозяйственных задач.",,80 тг.,80,89.6,600,мешок,пар,600 пар,черные,True,284
hb--008,ХБ Перчатки,cat-hb-perchatki,Серые теплые перчатки,пара,"Серые теплые перчатки. Категория: ХБ Перчатки. Характеристики: серые. Подходит для оптовой закупки, склада, производства, торговли и хозяйственных задач.",,80 тг.,80,89.6,600,мешок,пар,600 пар,серые,True,285
hb--009,ХБ Перчатки,cat-hb-perchatki,Зеленые рабочие перчатки,пара,"Зеленые рабочие перчатки. Категория: ХБ Перчатки. Характеристики: зеленые. Подходит для оптовой закупки, склада, производства, торговли и хозяйственных задач.",,80 тг.,80,89.6,600,мешок,пар,600 пар,зеленые,True,286
hb--010,ХБ Перчатки,cat-hb-perchatki,Черные тонкие перчатки,пара,"Черные тонкие перчатки. Категория: ХБ Перчатки. Характеристики: черные. Подходит для оптовой закупки, склада, производства, торговли и хозяйственных задач.",,45 тг.,45,50.4,1200,мешок,пар,1200 пар,черные,True,287
hb--011,ХБ Перчатки,cat-hb-perchatki,Перчатки 7 нить,пара,"Перчатки 7 нить. Категория: ХБ Перчатки. Характеристики: черные с точками. Подходит для оптовой закупки, склада, производства, торговли и хозяйственных задач.",,100 тг.,100,112.0,300,мешок,пар,300 пар,черные с точками,True,288
hb--012,ХБ Перчатки,cat-hb-perchatki,Перчатки 6 нить,пара,"Перчатки 6 нить. Категория: ХБ Перчатки. Характеристики: серо-красные. Подходит для оптовой закупки, склада, производства, торговли и хозяйственных задач.",,95 тг.,95,106.4,500,мешок,пар,500 пар,серо-красные,True,289
hb--013,ХБ Перчатки,cat-hb-perchatki,Черные перчатки 7 нить,пара,"Черные перчатки 7 нить. Категория: ХБ Перчатки. Характеристики: черные. Подходит для оптовой закупки, склада, производства, торговли и хозяйственных задач.",,90 тг.,90,100.8,300,мешок,пар,300 пар,черные,True,290
